INSERT INTO defaultdb.users (id, first_name, last_name, age,email,points) VALUES (1, 'Paul', 'Harrohide', 20,'pharrohide@gmail.com',2);
INSERT INTO defaultdb.users (id, first_name, last_name, age,email,points) VALUES (2, 'Harry', 'Covert', 25,'harryCoco32@laposte.net',2);
INSERT INTO defaultdb.users (id, first_name, last_name, age,email,points) VALUES (3, 'Alain', 'Posteur', 28,'alainposteur@outlook.com',0);
INSERT INTO defaultdb.users (id, first_name, last_name, age,email,points) VALUES (4, 'Elvire', 'Debord', 45,'eldebord@gmail.com',2);
INSERT INTO defaultdb.users (id, first_name, last_name, age,email,points) VALUES (5, 'Laurent', 'Barre', 41,'lolobarre@gmail.com',2);
INSERT INTO defaultdb.users (id, first_name, last_name, age,email,points) VALUES (6, 'Homer', 'Cipourtoux', 28,'homerpassimpson@outlook.com',2);
INSERT INTO defaultdb.users (id, first_name, last_name, age,email,points) VALUES (7, 'Gaston', 'Laplouz', 67,'gagalegogo@yahoo.com',0);
INSERT INTO defaultdb.users (id, first_name, last_name, age,email,points) VALUES (8, 'Gisèle', 'Detable', 39,'gizoudetable@gmail.com',0);
INSERT INTO defaultdb.users (id, first_name, last_name, age,email,points) VALUES (9, 'Thomas', 'Ouaque', 29,'touque@laposte.net',2);
INSERT INTO defaultdb.users (id, first_name, last_name, age,email,points) VALUES (10, 'Sacha', 'Telfrize', 23,'sachaTelfrize@gmail.com',0);
INSERT INTO defaultdb.users (id, first_name, last_name, age,email,points) VALUES (11, 'Alain', 'Verse', 28,'alainverse@outlook.com',0);
INSERT INTO defaultdb.users (id, first_name, last_name, age,email,points) VALUES (12, 'Camille', 'Onette', 19,'camilleO@yahoo.com',2);
INSERT INTO defaultdb.users (id, first_name, last_name, age,email,points) VALUES (13, 'Daisy', 'Rable', 56,'ddrable@gmail.com',0);
INSERT INTO defaultdb.users (id, first_name, last_name, age,email,points) VALUES (14, 'Gérard', 'Menfaim', 34,'ggdu94@gmail.com',0);
INSERT INTO defaultdb.users (id, first_name, last_name, age,email,points) VALUES (15, 'Guy', 'Yiotine', 43,'aiecacoupelatete@gmail.com',2);
INSERT INTO defaultdb.users (id, first_name, last_name, age,email,points) VALUES (16, 'Jean', 'Bonbeur', 63,'sandwichfrancais@outlook.com',0);
INSERT INTO defaultdb.users (id, first_name, last_name, age,email,points) VALUES (17, 'Laure', 'Durre', 51,'lolopascool@gmail.com',0);
INSERT INTO defaultdb.users (id, first_name, last_name, age,email,points) VALUES (18, 'Lara', 'Tatouille', 29,'yesdeslegumes@laposte.net',2);
INSERT INTO defaultdb.users (id, first_name, last_name, age,email,points) VALUES (19, 'Lucie', 'Fer', 46,'duferpasquedanslesepinards@gmail.com',0);
INSERT INTO defaultdb.users (id, first_name, last_name, age,email,points) VALUES (20, 'Nicolas', 'Nihorangina', 25,'quedeleau@gmail.com',0);
INSERT INTO defaultdb.users (id, first_name, last_name, age,email,points) VALUES (21, 'Paul', 'Hémique', 27,'nonnonnon@yahoo.com',0);
INSERT INTO defaultdb.users (id, first_name, last_name, age,email,points) VALUES (22, 'Phil', 'Trahuile', 45,'PhilTT@gmail.com',0);
INSERT INTO defaultdb.users (id, first_name, last_name, age,email,points) VALUES (23, 'Pierre', 'Ponce', 60,'toutdoux@gmail.com',0);
INSERT INTO defaultdb.users (id, first_name, last_name, age,email,points) VALUES (24, 'Sylvie', 'Cékilépamore', 60,'ouf@outlook.com',2);

INSERT INTO defaultdb.films (id, title, director, note, date_sortie, synopsis,image) VALUES (1, 'Titanic', 'James Cameron', 2.63, '1998-01-07', 'En 1997, lépave du Titanic est lobjet dune exploration fiévreuse, menée par des chercheurs de trésor en quête dun diamant bleu qui se trouvait à bord. Frappée par un reportage télévisé, une des rescapées du naufrage, âgée de 102 ans, Rose DeWitt, se rend sur place et évoque ses souvenirs.','image_film_1.jpg');
INSERT INTO defaultdb.films (id, title, director, note, date_sortie, synopsis,image) VALUES (2, 'Intouchables', 'Olivier Nakache & Eric Toledano', 4.2,'2011-11-02', 'Tout les oppose et il était peu probable quils se rencontrent un jour, et pourtant. Philippe, un riche aristocrate devenu tétraplégique après un accident de parapente va engager Driss, un jeune homme dorigine sénégalaise tout droit sorti de prison, comme auxiliaire de vie à domicile. ','image_film_2.jpg');
INSERT INTO defaultdb.films (id, title, director, note, date_sortie, synopsis,image) VALUES (3, 'Dirty Dancing', 'Emile Ardolino', 4.25,'1087-12-23', 'Dans les années soixante, Bébé passe des vacances familiales ennuyeuses jusqu''au jour où elle apprend que des animateurs du village estival forment une troupe de danse. Pour cette jeune fille sage, cest le début de l''émancipation à travers l''apprentissage du dirty dancing','image_film_3.jpg');
INSERT INTO defaultdb.films (id, title, director, note, date_sortie, synopsis,image) VALUES (4, 'Eiffel', 'Martin Bourboulon', 4.67,'2021-10-13', 'Venant tout juste de terminer sa collaboration sur la Statue de la Liberté, Gustave Eiffel est au sommet de sa carrière. Le gouvernement français veut qu''il crée quelque chose de spectaculaire pour l''Exposition Universelle de 1889 à Paris, mais Eiffel ne s''intéresse qu''au projet de métropolitain. Tout bascule le jour où il recroise son amour de jeunesse. Leur relation interdite l''inspire à changer l''horizon de Paris pour toujours.','image_film_4.jpg');
INSERT INTO defaultdb.films (id, title, director, note, date_sortie, synopsis,image) VALUES (5, 'Les Blues Brothers', 'John Landis', 3.6,'1980-11-07', 'Jake et Elwood Blues veulent reformer leur groupe de rhythm''n''blues et donner des concerts afin de gagner les 5000 dollars nécessaires à la survie de l''orphelinat de leur enfance, menacé de fermeture par le fisc. Leur projet s''annonce difficile à réaliser. Poursuivis par la police, une bande de néonazis, des musiciens et une femme mystérieuse, animée d''une rancune tenace, les Blues Brothers se trouvent mêlés à des aventures plus rocambolesques les unes que les autres.','image_film_5.jpg');
INSERT INTO defaultdb.films (id, title, director, note, date_sortie, synopsis,image) VALUES (6, 'Raiponce', 'Nathan Greno & Byron Howard', 2.8,'2010-12-01', 'Lorsque Flynn Rider, le bandit le plus recherché du royaume, se réfugie dans une mystérieuse tour, il se retrouve pris en otage par Raiponce, une belle et téméraire jeune fille à l''impressionnante chevelure de 20 mètres de long, gardée prisonnière par Mère Gothel. L''étonnante geôlière de Flynn cherche un moyen de sortir de cette tour où elle est enfermée depuis des années. Elle passe alors un accord avec le séduisant brigand.','image_film_6.jpg');

INSERT INTO defaultdb.avis (id,user_id,film_id, note, texte, date_avis) VALUES (1, 2, 1, 4, 'Palpitant', '2004-10-02');
INSERT INTO defaultdb.avis (id,user_id,film_id, note, texte, date_avis) VALUES (2, 5, 1, 3, 'Plutôt cool', '2000-12-06');
INSERT INTO defaultdb.avis (id,user_id,film_id, note, texte, date_avis) VALUES (3, 3, 2, 5, 'Incroyable, meilleur film de ma vie', '2018-05-10');
INSERT INTO defaultdb.avis (id,user_id,film_id, note, texte, date_avis) VALUES (4, 4, 1, 4, 'Génial', '2005-09-03');
INSERT INTO defaultdb.avis (id,user_id,film_id, note, texte, date_avis) VALUES (5, 2, 3, 4, 'TROP BIEN', '2004-09-07');
INSERT INTO defaultdb.avis (id,user_id,film_id, note, texte, date_avis) VALUES (6, 2, 2, 4, 'Très captivant', '2017-09-13');
INSERT INTO defaultdb.avis (id,user_id,film_id, note, texte, date_avis) VALUES (7, 3, 1, 3, 'Assez bien mais film un peu lent', '2004-08-29');
INSERT INTO defaultdb.avis (id,user_id,film_id, note, texte, date_avis) VALUES (8, 6, 1, 1, 'Pas très intéressant', '2021-09-29');
INSERT INTO defaultdb.avis (id,user_id,film_id, note, texte, date_avis) VALUES (9, 1, 1, 4, 'Trop cool, mais j''ai trop pleuré', '2017-01-05');
INSERT INTO defaultdb.avis (id,user_id,film_id, note, texte, date_avis) VALUES (10, 1, 4, 4, 'Un peu cucul', '2021-10-28');
INSERT INTO defaultdb.avis (id,user_id,film_id, note, texte, date_avis) VALUES (11, 1, 5, 2, 'Trop de courses poursuites', '2000-02-10');
INSERT INTO defaultdb.avis (id,user_id,film_id, note, texte, date_avis) VALUES (12, 11, 5, 5, 'Juste parfait, drole, puissant', '2005-11-03');
INSERT INTO defaultdb.avis (id,user_id,film_id, note, texte, date_avis) VALUES (13, 11, 6, 3, 'Sympa, pour tous les ages', '2011-05-10');
INSERT INTO defaultdb.avis (id,user_id,film_id, note, texte, date_avis) VALUES (14, 12, 6, 5, 'J''adooore Raiponce', '2012-08-12');
INSERT INTO defaultdb.avis (id,user_id,film_id, note, texte, date_avis) VALUES (15, 13, 4, 5, 'Historique et féerique, une régal', '2021-10-13');
INSERT INTO defaultdb.avis (id,user_id,film_id, note, texte, date_avis) VALUES (16, 13, 1, 2, 'Beaucoup trop d''eau', '2007-03-06');
INSERT INTO defaultdb.avis (id,user_id,film_id, note, texte, date_avis) VALUES (17, 13, 2, 4, 'Drole, sensible, que du bonheur', '2012-10-03');
INSERT INTO defaultdb.avis (id,user_id,film_id, note, texte, date_avis) VALUES (18, 15, 3, 5, 'Magnifique, donne envie de danser aussi !!', '2000-07-03');
INSERT INTO defaultdb.avis (id,user_id,film_id, note, texte, date_avis) VALUES (19, 16, 6, 2, 'Franchement bof, je préfère la Reine des neiges', '2012-03-03');
INSERT INTO defaultdb.avis (id,user_id,film_id, note, texte, date_avis) VALUES (20, 16, 5, 5, 'Ahah trop biiiien', '2009-07-10');
INSERT INTO defaultdb.avis (id,user_id,film_id, note, texte, date_avis) VALUES (21, 18, 2, 4, 'Génial mais j''ai peur de faire du parachute maintenant', '2011-12-07');
INSERT INTO defaultdb.avis (id,user_id,film_id, note, texte, date_avis) VALUES (22, 21, 4, 5, 'Epoustouflant', '2021-10-17');
INSERT INTO defaultdb.avis (id,user_id,film_id, note, texte, date_avis) VALUES (23, 21, 6, 1, 'Je n''aime pas du tout la sorcière, elle fait peur', '2014-01-04');
INSERT INTO defaultdb.avis (id,user_id,film_id, note, texte, date_avis) VALUES (24, 24, 5, 2, 'A un peu veilli', '2014-03-04');
INSERT INTO defaultdb.avis (id,user_id,film_id, note, texte, date_avis) VALUES (25, 8, 5, 4, 'Vraiment trop fan de ce film, allez tous le voir ou re-voir', '2016-04-28');
INSERT INTO defaultdb.avis (id,user_id,film_id, note, texte, date_avis) VALUES (26, 8, 3, 3, 'Borf un peu nian nian mais sympa quand même', '2017-08-04');
INSERT INTO defaultdb.avis (id,user_id,film_id, note, texte, date_avis) VALUES (27, 9, 3, 5, 'Trop génial, surtout avec un bon pot de glace !!', '2018-05-04');
INSERT INTO defaultdb.avis (id,user_id,film_id, note, texte, date_avis) VALUES (28, 10, 6, 3, 'Yes yes yes, pour petits et grands', '2016-04-04');
INSERT INTO defaultdb.avis (id,user_id,film_id, note, texte, date_avis) VALUES (29, 10, 2, 4, 'Je l''ai vu et re-vu et j''ai toujours adoré', '2018-06-04');